COMENTARIO;VALOR
Me encantó este lugar.;1
La corteza no es buena.;0
No es sabroso y la textura era simplemente desagradable.;0
Nos detuvimos durante el día festivo de finales de mayo de la recomendación de Rick Steve y me encantó.;1
La selección en el menú fue genial y también lo fueron los precios.;1
Ahora me estoy enfadando y quiero mi maldito plato.;0
Honestamente no sabía a nada;0
Las patatas eran como el caucho y se notaban que habían sido inventadas antes de tiempo que se mantenían bajo un calentador.;0
Las papas fritas también eran geniales.;1
Un gran toque.;1
El servicio fue muy rápido.;1
No volvería.;0
El cajero no tenía ningún cuidado lo que nunca en lo que tenía que decir que todavía terminó siendo despreciable .;0
Probé el ravioli de Cape Cod, pollo, con arándano... ¡Mmmm!;1
Estaba disgustado porque estaba bastante seguro de que era cabello humano.;0
Me sorprendió porque no hay señales que indiquen solo dinero en efectivo.;0
Muy recomendable.;1
Camarera era un poco lento en el servicio.;0
Este lugar no es que vale la pena su tiempo, y mucho menos Las Vegas.;0
no me gustó en absoluto.;0
El Burritos Blah!;0
La comida, increíble.;1
El servicio también es lindo.;1
Me podría importar menos... El interior es simplemente hermoso.;1
Así que actuaron.;1
Así es.... el pastel de terciopelo rojo..... oh, estas cosas son tan buenas.;1
Nunca trajeron una ensalada que pedimos.;0
Este hoyo en la pared tiene excelentes tacos callejeros mexicanos y un personal amable.;1
Tomó una hora para obtener nuestra comida sólo 4 mesas en el restaurante mi comida era Luke caliente, Nuestro camarero estaba corriendo alrededor como él estaba totalmente abrumado.;0
Lo peor fue el sashimi de salmón.;0
También hay combos como una hamburguesa, papas fritas y cerveza para 23, que es una oferta decente.;1
¡Esto fue como el golpe final!;0
Encontré este lugar por accidente y no podría ser más feliz.;1
parece un buen lugar rápido para tomar un bocado de algo de comida de pub familiar, pero hágase un favor y busque en otro lugar.;0
En general, me gusta este lugar mucho.;1
La única cualidad redentora del restaurante era que era muy barato.;1
Porciones amplias y buenos precios.;1
Mal servicio, el camarero me hizo sentir como si fuera estúpido cada vez que venía a la mesa.;0
Mi primera visita a Hiro fue una delicia!;1
El servicio apesta.;0
El camarón tierno y húmedo.;1
No hay un acuerdo lo suficientemente bueno que me arrastraría a ese establecimiento de nuevo.;0
Difícil juzgar si estos lados eran buenos porque estábamos brutos por la extirpa derretida y no queríamos comerla por miedo a enfermarnos.;0
En una nota positiva, nuestro servidor fue muy atento y proporcionó un gran servicio.;1
Discos congelados de asco, con algunas de las peores personas detrás del registro.;0
Lo único que me gustó fue la sección de costillas y postres.;1
Es una lástima que la comida sea tan maldita genérica.;0
La hamburguesa es buena carne de res, cocinada a la derecha.;1
Si quieres un sándwich sólo tienes que ir a cualquier bombero!!!!!;1
Mi ensalada griega de lado con el aderezo griego era tan sabrosa, y la pita y el hummus era muy refrescante.;1
Pedimos el pato raro y era rosa y tierno en el interior con un buen carbón en el exterior.;1
Vino corriendo detrás de nosotros cuando se dio cuenta de que mi esposo había dejado sus gafas de sol sobre la mesa.;1
Su chow mein es tan bueno!;1
Tienen actitudes horribles hacia los clientes, y hablan con cada uno cuando los clientes no disfrutan de su comida.;0
La porción era enorme!;1
Me encantó... servidores amables, buena comida, menú maravilloso e imaginativo.;1
El Heart Attack Grill en el centro de Las Vegas es una excusa absolutamente plana para un restaurante.;0
No hay mucho marisco y como 5 cuerdas de pasta en la parte inferior.;0
La ensalada tenía la cantidad justa de salsa para no sobre acerar la vieira, que estaba perfectamente cocinada.;1
El plátano rasgado no sólo estaba rasgado, sino petrificado e insípido.;0
Al menos piensa en rellenar mi agua antes de que me cueste saludarte durante 10 minutos.;0
Este lugar recibe estrellas por sus APERITIVOS!!!;1
Los cócteles son todos hechos a mano y deliciosos.;1
Definitivamente volveríamos aquí de nuevo.;1
Estamos muy contentos de haber encontrado este lugar.;1
Buena comida y servicio, porciones enormes y dan un descuento militar.;1
Siempre un gran momento en Dos Gringos!;1
actualizar..... regresó por segunda vez y todavía era igual de increíble;1
Nos dieron la comida y al parecer nunca han oído hablar de sal y la masa en el pescado era masticable.;0
Una gran manera de terminar un gran.;1
El trato incluyó 5 degustaciones y 2 bebidas, y Jeff fue más allá de lo que esperábamos.;1
Muy, muy buen arroz, todo el tiempo.;1
El servicio era meh.;0
Tardó más de 30 minutos en conseguir su batido, que no era más que leche de chocolate.;0
Supongo que debería haber sabido que este lugar sería un asco, porque está dentro de la Excalibur, pero no usé mi sentido común.;0
El plato de vieiras es bastante espantoso por valor también.;0
2 veces - Muy mal servicio de atención al cliente!;0
Las patatas fritas eran muy buenas y bien sazonadas.;1
Hoy es la segunda vez que he estado en su buffet de almuerzo y fue bastante bueno.;1
Hay tanta buena comida en Las Vegas que me siento engañado por desperdiciar una oportunidad de comer yendo a Rice and Company.;0
Venir aquí es como experimentar una relación decepcionante donde ambas partes no pueden esperar a que la otra persona pida romper.;0
entramos y el lugar olía como una vieja trampa de grasa y solo 2 otros allí comiendo.;0
El pavo y la carne asada eran insulsos.;0
Este lugar lo tiene!;1
Las tortas de sartén que todo el mundo está delirando saben como un desastre azucarado adaptado al paladar de un niño de seis años.;0
Me encanta el Pho y los rollitos de primavera oh tan delicioso que tienes que probar.;1
La pobre proporción de rebozado a carne hizo que las ofertas de pollos fuera muy insatisfactoria.;0
Todo lo que tengo que decir es que la comida era increíble!!!;1
¡Las tortillas son para morirse!;1
Todo era fresco y delicioso!;1
En resumen, esta fue una experiencia gastronómica en gran parte decepcionante.;0
Es como una fiesta muy sexy en tu boca, donde estás coqueteando escandalosamente con la persona más caliente en la fiesta.;1
Nunca he estado en Hard Rock Casino antes, NUNCA DARÁ UN PASO ADELANTE EN ÉL OTRA VEZ!;0
El mejor desayuno buffet!!!;1
¡di ad  a tu señora de propina!;0
Nunca volveremos a ir.;0
¡Volveremos otra vez!;1
¡La comida llegó rápidamente!;1
No fue bueno.;0
En el lado positivo, su cafetería sirve muy buena comida.;1
Nuestro servidor fue fantástico y cuando se enteró de que a la esposa le encanta el ajo asado y la médula ósea, agregó extra a nuestra comida y otra médula para ir!;1
Lo único bueno fue nuestro camarero, fue muy servicial y mantuvo la llegada de la bloddy mary.;1
El mejor buffet de la ciudad, por el precio que no se puede superar.;1
ME ENCANTÓ sus mejillones cocinados en esta reducción de vino, el pato era tierno, y sus platos de patata eran deliciosos.;1
Este es uno de los mejores buffets en los que he estado.;1
Así que fuimos a Tigerlilly y tuvimos una tarde fantástica!;1
La comida era deliciosa, nuestro camarero era atento y agradable Y nos dieron una gran oferta!;1
El ambiente es maravilloso y hay música sonando.;1
Volveremos el próximo viaje.;1
¡¡Muy bien!!;1
Verdaderos amantes del sushi, seamos honestos: Yama no es tan bueno.;0
Al menos 40 minutos pasaron entre nosotros ordenando y la comida llegando, y no estaba tan ocupado.;0
Este es un restaurante tailandés realmente fantástico que definitivamente vale la pena visitar.;1
Agradable, picante y tierno.;1
Buenos precios.;1
Mira esto.;1
¡Fue bastante bruto!;0
He tenido mejor ambiente.;0
Un poco difícil de estropear un bistec, pero lo hicieron.;0
Aunque me gustó mucho el aspecto y el sonido de este lugar, la experiencia real fue un poco decepcionante.;0
Simplemente no sé cómo este lugar logró servir la comida más insulsa que he comido cuando están preparando cocina india.;0
Peor servicio para arrancar, pero esa es la menor de sus preocupaciones.;0
El servicio estaba bien y la camarera era amable.;1
Los chicos todos tenían filetes, y nuestro hijo amante de los filetes que ha tenido bistec en los mejores y peores lugares dijo que era el mejor bistec que ha comido.;1
Pensamos que tendrías que aventurarte más lejos para obtener un buen sushi, pero este lugar realmente llegó al lugar esa noche.;1
El personal anfitrión era, a falta de una palabra mejor, ¡PERRAS!;0
soso... No es un gusto de este lugar por una serie de razones y yo no desea perder el tiempo en mala nota..  Lo dejo ahí...;0
Comida fenomenal, servicio y ambiente.;1
No volvería.;0
Definitivamente vale la pena aventurarse fuera de la tira para el vientre de cerdo, volveré la próxima vez que esté en Las Vegas.;1
Este lugar es demasiado caro para la comida mediocre.;0
El vodka excelente!;1
Tienen una buena selección de comida que incluye un enorme sándwich de pastel de carne, una envoltura de pollo crujiente, un derretimiento de atún delicioso y algunas hamburguesas sabrosas.;1
La administración es de mala educación.;0
Deliciosos bagels de Nueva York, buenas selecciones de queso crema, verdadero Los con alcaparras incluso.;1
Gran metro, de hecho, es tan bueno cuando vienes aquí cada otro metro no cumplirá con sus expectativas.;1
Tuve un desayuno muy sólido aquí.;1
Este es uno de los mejores bares con comida en Las Vegas.;1
Fue extremadamente grosero y realmente, hay muchos otros restaurantes en los que me encantaría cenar durante un fin de semana en Las Vegas.;0
Mi bebida nunca estuvo vacía y él hizo algunas sugerencias de menú realmente geniales.;1
¡¡¡¡No lo hagas!!!!;0
El camarero no fue servicial o amable y rara vez nos revisó.;0
Mi esposo y yo almorzamos aquí y estábamos muy decepcionados con la comida y el servicio.;0
Y el curry rojo tenía tantos brotes de bambú y no era muy sabroso para mí.;0
Buena manta de arroz en la parte superior, pero me siento como si esto se hizo para cubrir la comida mediocre.;1
Los baños están limpios y el lugar en sí está bien decorado.;1
El menú siempre está cambiando, la calidad de la comida está bajando y el servicio es extremadamente lento.;0
El servicio era un poco lento, teniendo en cuenta que eran atendidos por 3 servidores de personas por lo que la comida venía a un ritmo lento.;0
Le doy 2 pulgares hacia abajo;0
Vimos a nuestro camarero prestar mucha más atención a otras mesas e ignorarnos.;0
Mi prometido y yo vinimos en el medio del día y nos recibieron y nos sentaron de inmediato.;1
Este es un gran restaurante en el Mandalay Bay.;1
Esperamos cuarenta y cinco minutos en vano.;0
Lo que vino con la ensalada era rancio.;0
Algunos aspectos destacados : Gran calidad nigiri aquí!;1
el personal es amable y la articulación está siempre limpia.;1
este fue un corte diferente a la pieza del otro día, pero sigue siendo maravilloso y tierno s así como bien condimentado.;1
Pedí la pasta Beodo y fue la primera vez que había tenido una pasta realmente excelente desde que me fui sin gluten hace varios años.;1
este lugar es bueno.;1
Desafortunadamente, debemos haber llegado a la panadería el día de la sobra porque todo lo que pedimos era RANCIO.;0
Volví hoy desde que se trasladó y aún no impresionado.;0
Me senté inmediatamente.;1
Su menú es diverso, y a un precio razonable.;1
Evitar a toda costa!;0
El restaurante siempre está lleno, pero nunca una espera.;1
¡¡delicioso!!;1
Este lugar es sin duda uno de los mejores lugares para comer en el área metropolitana de Phoenix.;1
Así que no vayas allí si estás buscando buena comida...;0
Nunca he sido tratado tan mal.;0
El tocino es  salado.;1
"También pedimos la ensalada de espinacas y aguacate; los ingredientes eran tristes y el aderezo literalmente tenía cero sabor.";0
Así es como solía ser la buena mesa de Las Vegas, hasta los menús entregados a las damas que no tienen precios en la lista.;1
Las camareras son muy amables.;1
Lord, el Khao Soi es un plato que no debe perderse para los amantes del curry!;1
Todo en el menú es genial y también nos entusiasmó que hicieran alojamientos increíbles para nuestra hija vegetariana.;1
Tal vez los cogí en una noche de descanso a juzgar por las otras críticas, pero no estoy inspirado para volver.;0
El servicio aquí deja mucho que desear.;0
El ambiente es moderno y moderno, manteniendo un toque de comodidad.;1
No es un refugio semanal, pero definitivamente un lugar para volver de vez en cuando.;1
Literalmente nos sentamos allí durante 20 minutos sin que nadie pidiera tomar nuestro pedido.;0
La hamburguesa no tenía absolutamente ningún sabor - la carne en sí era totalmente insulsa, la hamburguesa estaba demasiado cocida y no había sabor a carbón.;0
También decidí no enviarlo de vuelta porque nuestra camarera parecía que estaba a punto de tener un ataque al corazón.;0
Me vestí para ser tratado tan groseramente!;0
Probablemente era suciedad.;0
Me encanta este lugar, golpea el lugar cuando quiero algo saludable, pero no carece de cantidad o sabor.;1
Pedí el cóctel de hielo de frambuesa limón que también fue increíble.;1
La comida chupó, que esperábamos, pero chupó más de lo que podríamos haber imaginado.;0
Decoración interesante.;1
Lo que realmente me gusta allí es la estación de crepe.;1
También se sirvieron pan caliente y mantequilla, y patatas fritas caseras con trozos de tocino en la parte superior.... muy original y muy bueno.;1
puedes verlos preparando la deliciosa comida!);1
Ambos rollos de huevo eran fantásticos.;1
Cuando llegó mi pedido, faltaba uno de los giroscopios.;0
Tuve una ensalada con las alas, y un poco de helado para el postre y me fui sintiéndome bastante satisfecho.;1
No estoy muy seguro de cómo Joey's fue votado como el mejor perro caliente en el Valle por los lectores de phoenix magazine.;0
El mejor lugar para ir a por un sabroso tazón de Pho!;1
La música en vivo de los viernes sopla totalmente.;0
Nunca he sido más insultado o se sentía irrespetuoso.;0
Personal muy amable.;1
Vale la pena el viaje en coche.;1
Había escuchado cosas buenas sobre este lugar, pero que superar todas las esperanzas que podría haber soñado.;1
La comida era genial y también lo fue el servicio!;1
La cerveza caliente no ayudó.;0
Gran lugar de Branch.;1
El servicio es amable y acogedor.;1
Muy buen lugar para almorzar.;1
 vivieron aquí desde 1979 y este fue el primer (y último) vez  pie en este lugar.;0
El WORST EXPERIENCIA NUNCA.;0
Debe haber sido una noche de descanso en este lugar.;0
Los lados son delicioso - setas mezcladas, puré de oro del Yukón, maíz blanco - bateos.;1
Si ese error nunca apareció me habría dado un 4 seguro, pero en el otro lado de la pared donde este error fue subir fue la cocina.;0
Durante unos 10 minutos, estamos esperando su ensalada cuando nos dimos cuenta de que no iba a llegar pronto.;0
A mi amigo le encantó el tartar de salmón.;1
No volveremos.;0
Extremadamente sabroso!;1
Camarera era buena aunque!;1
Empapado y no es bueno.;0
Los mojitos jamaicanos son deliciosos.;1
Que son pequeños y no vale la pena el precio.;0
#¿NOMBRE?;1
El área de la ducha está afuera, de modo que solo puedes enjuagar, no tomar una ducha completa, a menos que no te importe estar desnudo para que todos lo vean.;0
El servicio era un poco deficiente.;0
Langosta Bisque, Bussell , Risotto, Filete TODO necesitaba sal y pimienta.. y, por supuesto, no hay ninguno en las mesas.;0
Esperemos que esto sea un augurio para que salgan del negocio y alguien que pueda cocinar pueda entrar.;0
Era demasiado frío, no tenía suficiente sabor o simplemente estaba mal.;0
Me encantaron las fechas envueltas en tocino.;1
¡Esta es una ganga increíble!;1
La gente de Otto siempre nos hace sentir tan bienvenidos y especiales.;1
"En cuanto a la ""cañería"", también sin inspiración.";0
Este es el lugar donde tuve por primera vez pho y fue increíble!!;1
Esta maravillosa experiencia hizo de este lugar una parada obligada cada vez que estamos en la ciudad de nuevo.;1
Si la comida no es lo suficientemente mala para ti, entonces disfruta lidiando con las peores / molestas personas borrachas del mundo.;0
Chef muy muy divertido.;1
Pedimos una hamburguesa con queso doble y tenemos una sola empanada que se estaba cayendo a pedazos (foto subida) sí, todavía apesta.;0
Gran lugar para tomar un par de copas y ver todos y cada uno de los eventos deportivos, ya que las paredes están cubiertas de televisores.;1
Si fuera posible darles cero estrellas, lo tendrían.;0
"Las descripciones decían ""salsa yum yum"" y otra decía ""salsa de anguila"", otra más decía ""mayo picante""... bueno, NINGUNO de los rollos tenía salsas en ellos.";0
Yo diría que sería la decisión más difícil... Honestamente, todos los platos de M saben cómo se supone que deben probar (increíble).;1
Si ella no hubiera rodado los ojos podríamos habernos quedado... No estoy seguro de si volveremos y lo intentaremos de nuevo.;0
Todo el mundo es muy atento, proporcionando un excelente servicio de atención al cliente.;1
Horrible -  de recolección de residuos de su tiempo y dinero.;0
Ahora bien, este plato era bastante sabroso.;1
En ese momento nuestro lado del restaurante estaba casi vacío, así que no había excusa.;0
(Tampoco estaba ocupado) Además, el edificio fue CONGELACIÓN frío.;0
"como el otro crítico dijo ""que no debería pagarme para comer en este lugar otra vez.""";0
-Las bebidas tardaron cerca de 30 minutos en salir en un momento dado.;0
En serio, delicias sabrosas, amigos.;1
Mucho mejor que el otro lugar de sushi de AYCE al que fui en Las Vegas.;1
La iluminación es lo suficientemente oscura como para establecer el estado de ánimo.;1
Basado en el servicio sub-par que recibí y ningún esfuerzo para mostrar su gratitud por mi negocio no voy a volver.;0
Los propietarios son realmente grandes personas.!;1
No hay nada privilegiado en trabajar/ comer allí.;0
El aderezo griego era muy cremoso y sabroso.;1
En general, no creo que me gustaría llevar a mis padres a este lugar de nuevo porque hizo la mayoría de las quejas similares que me sentí en silencio demasiado.;0
Ahora la pizza en sí era buena la salsa de maní era muy sabrosa.;1
Teníamos 7 en nuestra mesa y el servicio era bastante rápido.;1
Fantástico servicio aquí.;1
Yo también habría dado a los padrinos cero estrellas si es posible.;0
Saben cómo hacerlos aquí.;1
muy duro y muy corto en sabor!;0
Espero que este lugar se pegue alrededor.;1
He estado en más de unos pocos bares en Las Vegas, y nunca recuerdo que me cobraron por el agua del grifo.;0
El ambiente del restaurante era exquisito.;1
Buen servicio, muy limpio, y barato, para arrancar!;1
El marisco era fresco y generoso en porción.;1
Además, es sólo 8 dólares.;1
El servicio tampoco estuvo a la altura.;0
Hasta ahora, solo he visitado dos veces y la comida era absolutamente deliciosa cada vez.;1
¡Tan bueno como cuando lo tuve hace más de un año!;1
Para un café autoproclamado, me decepcionó enormemente.;0
¡El plato vegetariano está fuera de este mundo!;1
No puedes equivocarte con cualquiera de la comida aquí.;1
No se puede superar eso.;1
Nos detuvimos en este lugar, mientras que en Madison para el Ironman, muy amable, personal amable.;1
Los chefs fueron amables e hicieron un buen trabajo.;1
He tenido mejor, no sólo de dedicados puntos de té boba, pero incluso de Jenni Pho.;0
Me gustó el patio y el servicio fue excepcional.;1
El taco de cabra no escatime en la carne y wow qué SABOR!;1
Creo que no otra vez;0
Tuve la ensalada mac y fue bastante insulso, así que no volveré a conseguir eso.;0
Fui a Bachi Burger por recomendación de un amigo y no me decepcionó.;1
¡El servicio apesta aquí!;0
Esperé y esperé.;0
Este lugar no es sushi de calidad, no es un restaurante de calidad.;0
Definitivamente recomendaría las alas, así como la pizza.;1
Gran pizza y ensaladas!;1
Cosas que salieron mal: - Quemaron el saganaki.;0
Esperamos una hora para lo que era un desayuno que podría haber hecho 100 veces mejor en casa.;0
Este lugar es increíble!;1
Odio estar en desacuerdo con mi compañero Yelpers, pero mi esposo y yo estábamos muy decepcionados con este lugar.;0
Esperó 2 horas y nunca tenemos cualquiera de nuestras pizzas como muchos otros alrededor de nosotros que vinieron en más tarde lo hizo!;0
Simplemente no sé por qué eran tan lentos.;0
El personal es genial, la comida es deliran, y tienen una increíble selección de cerveza.;1
Vivo en el vecindario, de modo que estoy decepcionado I no estar de vuelta aquí, porque es una ubicación conveniente.;0
No sabía que la carne de cerdo tirada podría ser tan deliciosa.;1
Obtienes pescado increíblemente fresco, preparado con cuidado.;1
Antes de entrar a por qué me dio una calificación de 1 estrella, por favor, sepa que esta fue mi tercera vez comer en la hamburguesa Bachi antes de escribir una evaluación.;0
Me encanta el hecho de que todo en su menú vale la pena.;1
Nunca más voy a estar cenando en este lugar!;0
La comida era excelente y el servicio era muy bueno.;1
Buena selección de cerveza y bebida y buena selección de comida.;1
Por favor, manténgase alejado de los fideos fritos de camarones revueltos.;0
El pedido de papas fritas fue triste... Probablemente podría contar cuántas fichas había en esa caja y probablemente fue alrededor de 12.;0
La comida era realmente aburrida.;0
Buen servicio de verificación!;1
Esta corporación codiciosa nunca verá otro centavo de mí!;0
Nunca, jamás volveremos.;0
Por mucho que me gustaría volver, no puedo pasar el servicio atroz y nunca volveré.;0
En el verano, se puede cenar en un encantador patio al aire libre - tan muy encantador.;1
¡No esperaba que esto fuera tan bueno!;1
Comida fantástica!;1
Ella pidió un muffin inglés tostado que salió desatado.;0
La comida era muy buena.;1
Nunca volver atrás.;0
Buena comida por el precio, que es de muy alta calidad y hecho en casa.;1
El chico del autobús, por otro lado, fue tan grosero.;0
En este punto, mis amigos y yo básicamente habíamos descubierto este lugar era una broma y normal mente lo que hace que sea públicamente y en voz alta conocido.;0
Volver a una buena barbacoa, tarifa más ligera, precios razonables y decirle al público que están de vuelta a las viejas costumbres.;1
Y teniendo en cuenta que los dos nos fuimos allí muy llenos y felices por alrededor de $ 20, simplemente no puedes equivocarte.;1
¡Todo el pan se hace en casa!;1
El único inconveniente es el servicio.;0
Además, las papas fritas son sin duda las peores papas fritas que he tenido.;0
El servicio era excepcional y la comida era una buena como todas las críticas.;1
Un par de meses más tarde, regresé y tuve una comida increíble.;1
Lugar favorito en la ciudad para shawarma!!!!!!;1
Los guisantes de ojos negros y las batatas... ¡IRREAL!;1
No te decepcionarás.;1
Podían servirlo con solo la vinagreta y puede ser un mejor plato en general, pero aún así era muy bueno.;1
Voy a demasiados lugares y nunca he visto ningún restaurante que sirva un desayuno de 1 huevo, especialmente por $ 4.00.;0
Cuando mi mamá y yo llegamos a casa, ella inmediatamente se enfermó y solo tuvo unos pocos bocados de ensalada.;0
Los servidores no son agradables de tratar y no siempre honran los cupones de Pizza Hut.;0
Ambos fueron realmente increíblemente buenos, y estoy muy contento de que volvimos.;1
Tuvimos un servicio fantástico, y quedamos encantados con el ambiente.;1
Todo era bruto.;0
Me encanta este lugar.;1
Gran servicio y comida.;1
En primer lugar - los baños en esta ubicación estaban sucias- Cubiertas de asientos no se repusieron & a solo Bucky simple!!!;0
"La hamburguesa... Conseguí el ""Estándar de oro"" una hamburguesa de $17 y estaba un poco decepcionado.";0
Dios mío, la comida era delicioso!;1
No hay nada auténtico sobre este lugar.;0
los espaguetis no son nada especial en absoluto.;0
De todos los platos, el salmón era el mejor, pero todos eran geniales.;1
Las verduras son tan frescas y la salsa se siente como auténtica tailandesa.;1
¡Vale la pena conducir desde Tucson!;1
La selección fue probablemente la peor que he visto en Las Vegas..... no había ninguno.;0
Bastante buena selección de cerveza también.;1
Este lugar es como Chipotle, pero MEJOR.;1
Ambiente elegante / cálido, aperitivos divertidos y frescos, suculentos filetes (filete de béisbol!!!!!;1
5 estrellas para la aplicación de pan de horno de ladrillo!;1
He comido aquí varias veces, y cada vez que la comida era deliciosa.;1
Nos sentamos otros diez minutos y finalmente nos dimos por vencidos y nos fuimos.;0
¡Era terrible!;0
Todos son tratados de la misma manera.;1
No debería tomar 30 minutos para panqueques y huevos.;0
Estaba delicioso!!!;1
En el lado bueno, el personal fue realmente agradable y entusiasta, un verdadero placer.;1
Lamentablemente, Gordon Ramsés Steak es un lugar que evitaremos bruscamente durante nuestro próximo viaje a Las Vegas.;0
Como siempre la noche fue maravillosa y la comida deliciosa!;1
¡El mejor pescado que he tenido en mi vida!;1
(El baño está justo al lado y muy agradable.);1
El buffet es pequeño y toda la comida que ofrecían era BLAND.;0
Este es un pequeño restaurante excepcional con algunos de los mejores alimentos que he probado.;1
Muy bien, diría yo.;1
Definitivamente un apagón para mí &i dudaré que volveré a menos que alguien más esté comprando.;0
El servidor hizo un gran trabajo manejando nuestra gran mesa ruidosa.;1
Me parece que desperdiciar comida es despreciable, pero esto simplemente no era comida.;0
Mi esposa tenía la sopa de bisque de langosta que era tibia.;0
Volvería de nuevo si tuviera un antojo de sushi mientras estaba en Las Vegas.;1
El personal es excelente, el ambiente es excelente.;1
Se merece 5 estrellas.;1
Me fui con un dolor de estómago y me sentí enfermo el resto del día.;0
Dejaron caer más que el balón.;0
El espacio de comedor es pequeño, pero elegantemente decorado y cómodo.;1
Personalizarán tu pedido de la manera que quieras, mi habitual es berenjena con salteado de frijoles verdes, ¡me encanta!;1
Y los frijoles y el arroz eran mediocres en el mejor de los casos.;0
Los mejores tacos de la ciudad por lejos!!;1
Recuperé mi dinero y salí de allí.;0
En una parte interesante de la ciudad, este lugar es increíble.;1
RUDE &INCONSIDERATE ADMINISTRACIÓN.;0
El personal ahora no son tan amable, los tiempos de espera para ser servido son horrible, nadie incluso dice hola para los primeros 10 minutos.;0
No volveré.;0
Tienen grandes cenas.;1
El servicio era eclipsante y definitivamente recomiendo el Halibut.;1
La comida era terrible.;0
NUNCA VOLVERÉ Y LE HABRÁ DICHO A MUCHA GENTE LO QUE HABÍA PASADO.;0
I no recomendamos a menos que su automóvil se descompone en frente de ella y que están muriendo de hambre.;0
Volveré aquí cada vez que esté en Las Vegas.;1
Este lugar merece una estrella y el 90% tiene que ver con la comida.;0
Es una vergüenza.;0
Def volver al tazón de fuente la próxima vez;1
Si quieres comida auténtica o ética saludable, prueba este lugar.;1
"Voy a seguir viniendo aquí en la noche de las damas y la noche de la cita ... recomiendo encarecidamente este lugar para cualquier persona que se encuentra en la zona (;";1
He estado aquí varias veces en el pasado, y la experiencia siempre ha sido excelente.;1
Nos alejamos rellenos y felices por nuestra primera experiencia de buffet en Las Vegas.;1
El servicio fue excelente y los precios son bastante razonables teniendo en cuenta que esto es Las Vegas y se encuentra dentro del centro comercial Cristal por Aria.;1
En resumen... la comida era increíble, no, trascendente... pero nada me da alegría como el recuerdo del dispensador neumático de condimentos.;1
Probablemente soy una de las pocas personas que alguna vez va a Dans y no me gusta.;0
Pizza para niños es siempre un éxito también con un montón de grandes opciones de guarnición para los niños!;1
El servicio es perfecto y el ambiente familiar es agradable de ver.;1
Cocinado a la perfección y el servicio fue impecable.;1
Este es simplemente una decepción.;0
En general, estaba muy decepcionado con la calidad de la comida en Buchón.;0
¡No tengo que ser contador para saber que me estoy jodiendo!;0
Gran lugar para comer, me recuerda a las pequeñas tiendas de mamá y pop en el área de la Bahía de San Francisco.;1
Hoy fue mi primera prueba de un Buldogs Gourmet Hot Dog y tengo que decirte que fue más de lo que nunca pensé posible.;1
Salió muy frustrado.;0
Definitivamente volveré a estar pronto.;1
La comida era muy buena y me puse muy ayuna.;1
El servicio fue fantástico.;1
PÉRDIDA TOTAL DE TIEMPO.;0
No sé de qué tipo es, pero tienen el mejor té helado.;1
¡Ven con hambre, sal feliz y relleno!;1
Para el servicio, les doy ninguna estrella.;0
Te puedo asegurar que no te decepcionarás.;1
Puedo tomar un poco de mal servicio, pero la comida apesta.;0
Renunció a tratar de comer cualquiera de la corteza (dientes todavía doloridos).;0
Pero ahora estaba completamente bruto.;0
Realmente disfruté comiendo aquí.;1
La primera vez que voy, pero creo que rápidamente me convertiré en un asiduo.;1
Nuestro servidor fue muy agradable, y aunque parecía un poco abrumado con todas nuestras necesidades, se mantuvo profesional y amable hasta el final.;1
Por lo que me dijeron mis compañeros de cena... todo era muy fresco con buena textura y sabor.;1
En el suelo, justo al lado de nuestra mesa había una gran pila de caca de pájaro verde, manchada, pisada y rastreada por todas partes.;0
Además, ¡ni siquiera puedes encontrar horas de operación en el sitio web!;0
Hemos intentado como este lugar, pero después de más de 10 veces creo que hemos terminado con ellos.;0
¡Qué error!;0
No hay quejas!;1
Esta es una pizza muy buena y soy un experto / connisseur en el tema.;1
Camarero era un idiota.;0
Huelga 2, que quiere ser apresurado.;0
Estos son los mejores dueños de restaurantes que he encontrado.;1
Nunca más vuelvo.;0
Nos encantaron las galletas!!!;1
El servicio es rápido y amable.;1
Pedimos un aperitivo y tardamos 40 minutos y luego la pizza otros 10 minutos.;0
Así que absolutamente fantástico.;1
Era un enorme pedazo torpe de 1.5 libras de vaca que era 3/4ths gristle y grasa.;0
definitivamente volveremos aquí de nuevo.;1
Me gusta Steiners porque es oscuro y se siente como un bar.;1
Wow muy picante pero delicioso.;1
Si no estás familiarizado, échale un vistazo.;1
Tomaré mis dólares de la cena de negocios en otro lugar.;0
Me encantaría volver.;1
De todos modos, este restaurante FS tiene un maravilloso desayuno / almuerzo.;1
Nada especial.;0
Cada día de la semana tienen una oferta diferente y todo es tan delicioso!;1
Por no hablar de la combinación de peras, almendras y tocino es un gran ganador!;1
No volveremos.;0
La salsa era insípida.;0
La comida es deliciosa y lo suficientemente picante, así que asegúrese de pedir picante si lo prefiere de esa manera.;1
Mi filete de ribeye estaba perfectamente cocinado y tenía un gran sabor a mezquite.;1
No creo que volvamos pronto.;0
La comida era tan gooodd.;1
Estoy lejos de ser un conocedor del sushi, pero definitivamente puedo decir la diferencia entre la buena comida y la mala comida y esto fue sin duda mala comida.;0
Estaba tan insultado.;0
Las últimas 3 veces que almorcé aquí ha sido malo.;0
Las alitas de pollo contenían la carne de pollo más seca que he comido.;0
La comida era muy buena y disfruté de cada bocado, un lugar relajado y agradable para parejas de pequeños grupos familiares, etc.;1
Nargile - Creo que eres genial.;1
Los mejores tots tater en el suroeste.;1
Nos encantó el lugar.;1
Definitivamente no vale la pena el $3 que pagué.;0
El helado de vainilla era cremoso y suave, mientras que la pastelería profiterole (choux) era lo suficientemente fresca.;1
Im en AZ todo el tiempo y ahora tienen mi nuevo lugar.;1
El gerente fue el peor.;0
El interior es realmente bastante agradable y muy limpio.;1
La comida era excepcional y los precios eran muy razonables.;1
No creo que voy a estar corriendo de vuelta a Carly en el corto plazo para la comida.;0
Esto se debió al hecho de que tardó 20 minutos en ser reconocido, luego otros 35 minutos para obtener nuestra comida... y seguían olvidando cosas.;0
Me encantan las margaritas, también!;1
Este fue mi primer y único buffet de Las Vegas y no me decepcionó.;1
¡Muy bien, sin embargo!;1
La nota a la baja es que la ventilación podría usar alguna actualización.;0
Gran sándwich de cerdo.;1
 de recolección de residuos de su tiempo aquí.;0
Decepción total, preferiría ir a la floristería Camelback y al cartel café.;0
Tercero, el queso en la hamburguesa de mi amigo estaba frío.;0
Disfrutamos de su pizza y brunch.;1
Los filetes están bien recortados y también perfectamente cocinados.;1
Tuvimos un grupo de más de 70 cuando afirmamos que solo tendríamos 40 y nos manejaron maravillosamente.;1
Me encantó!;1
Pedimos que la factura se fuera sin comer y tampoco trajeron eso.;0
Este lugar es una joya en Las Vegas, y exactamente lo que he estado esperando encontrar en casi diez años vivir aquí.;1
Los mariscos se limitaban a camarones hervidos y patas de cangrejo, pero las patas de cangrejo definitivamente no sabían frescas.;0
La selección de comida no fue la mejor.;0
Delicioso y voy a estar absolutamente de vuelta!;1
Este no es un pequeño restaurante familiar, este es un establecimiento de alta cocina.;1
Tenían un tartar de toro con un caviar que era extraordinario y me gustó el wagyu finamente cortado con trufa blanca.;1
No creo que vuelva por mucho tiempo.;0
Estaba unido a una gasolinera, y eso rara vez es una buena señal.;0
Qué impresionante es eso.;1
Volveré muchas veces pronto.;1
El menú tenía tantas cosas buenas en él que no podía decidir!;1
Peor de todo, humilló a su trabajador justo delante de mí.. Montón de horribles llamadas de nombre.;0
CONCLUSIÓN: Comidas muy abundantes.;1
Sus especiales diarios son siempre un éxito con mi grupo.;1
Y entonces llegó la tragedia.;0
El panqueque también era muy bueno y bastante grande en eso.;1
Esta fue mi primera experiencia de cangrejo de río, ¡y fue deliciosa!;1
Su monstruo pollo frito filete y huevos es mi favorito de todos los tiempos.;1
Camarera era dulce y divertido.;1
También tuve que probar los panqueques de calabaza de varios granos de mi mamá con mantequilla de nuez y ¡eran increíbles, esponjosos y deliciosos!;1
Prefiero comer comida de avión, en serio.;0
No puedo decir suficientes cosas buenas sobre este lugar.;1
El ambiente era increíble.;1
La camarera y el gerente son muy amables.;1
Me gustaría no recomendamos este lugar.;0
En general, no estaba muy impresionado con Noca.;0
Mi giroscopio era básicamente solo lechuga.;0
Terrible servicio!;0
Completamente decepcionado!;0
No cada uno mucha pasta, pero me encantan las pastas caseras / hechas a mano y pizzas finas aquí.;1
Pruébalo, estarás feliz de haberlo hecho.;1
De lejos los mejores quesos que hemos tenido!;1
A un precio razonable también!;1
Todo fue perfecto la noche en la que estuvimos.;1
La comida es muy buena para su comida típica de bar.;1
era un impulso para llegar allí.;0
A primera vista es una cafetería de panadería encantadora - ambiente agradable, limpio, personal amable.;1
De todos modos, no creo que vaya a volver allí.;0
Señala con el dedo cualquier elemento del menú, pruébalo y no te decepcionará.;1
Oh, esto es una cosa de belleza, este restaurante.;1
Si no has ido aquí ¡VE AHORA!;1
Una comida grasienta e insalubre.;0
primera vez allí y podría ser sólo la última.;0
Esas hamburguesas eran increíbles.;1
Del mismo modo, el repartidor no dijo una palabra de disculpa cuando nuestra comida llegó con 45 minutos de retraso.;0
Y era muy caro.;0
Asegúrese de pedir el postre, incluso si necesita empacarlo para llevar: el tiramisú y el cannoli son para morirse.;1
Esta fue mi primera vez y no puedo esperar hasta la siguiente.;1
El camarero también era agradable.;1
Todo era bueno y sabroso!;1
Este lugar es de dos pulgares hacia arriba.... camino hacia arriba.;1
El mejor lugar en Las Vegas para el desayuno (sólo echa un vistazo a un sábado, o sol.;1
Si te gusta la auténtica comida mexicana y quieres un montón de carnes interesantes, pero deliciosas para elegir, debes probar este lugar.;1
Terrible la administración.;0
Un excelente restaurante nuevo por un francés experimentado.;1
Si hubiera cero estrellas me gustaría darle cero estrellas.;0
Gran bistec, grandes lados, gran vino, postres increíbles.;1
Peor martini nunca!;0
El bistec y los camarones son, en mi opinión, los mejores entrantes en GC.;1
¡Hoy tuve la oportunidad de probar sus increíbles pizzas!;1
Esperamos treinta minutos para estar sentados (aunque había 8 mesas vacantes y éramos la única gente esperando).;0
El carpaccio de cola amarilla se derritió en la boca fresco.;1
No intentaré volver allí, incluso si está vacío.;0
No, voy a comer la patata que encontré algunos extraños pelo en ella.;0
Lo suficientemente picante.. Perfecto en realidad.;1
Anoche fue mi segunda vez cenando aquí y estaba tan feliz que decidí volver!;1
"ni siquiera un ""hola, estaremos bien contigo"".";0
Los postres eran un poco extraños.;0
Mi novio y yo vinimos aquí por primera vez en un viaje reciente a Las Vegas y no podría haber estado más satisfecho con la calidad de la comida y el servicio.;1
Realmente recomiendo este lugar, puedes salir mal con este lugar de donuts!;1
Buen ambiente.;1
Recomendaría guardar espacio para esto!;1
Supongo que tal vez fuimos en una noche de descanso, pero fue vergonzoso.;0
Sin embargo, mi experiencia reciente en este lugar en particular no fue tan buena.;0
Sé que esto no es como los otros restaurantes en absoluto, algo es muy fuera de aquí!;0
¡EVITA ESTE ESTABLECIMIENTO!;0
Creo que este restaurante sufre de no esforzarse lo suficiente.;0
Todos los platos de tapas eran deliciosos!;1
I * corazón * este lugar.;1
Mi ensalada tenía una vinagreta insulsa en los verdes bebés y corazones de palma.;0
Después de dos me sentí asqueroso.;0
¡Un buen momento!;1
Creo que este lugar es una gran parada para aquellos con una enorme barriga y anhelo de sushi.;1
Porciones generosas y de gran sabor.;1
Nunca volveré a este lugar y nunca se recomienda este lugar para cualquier persona.;0
"Los servidores iban y venían varias veces, ni siquiera como un ""¿Te están ayudando?""";0
La comida era deliciosa!;1
UNA HORA... ¿seriamente?;0
Considero este robo.;0
Eew... Esta ubicación necesita una revisión completa.;0
Recientemente hemos sido testigos de su mala calidad de la administración hacia otros huéspedes, así.;0
Esperó y esperó y esperó.;0
También regresó para vernos regularmente, excelente servicio.;1
Nuestro servidor era súper agradable y nos revisó muchas veces.;1
La pizza sabía viejo, súper masticable de no una buena manera.;0
Me insté para darles una oportunidad, pero estaba profundamente decepcionado.;0
El servicio era bueno y la compañía era mejor!;1
El personal también es muy amable y eficiente.;1
En cuanto al servicio: Soy un fan, porque es rápido y estás siendo atendido por algunas buenas personas.;1
El niño era ese lechón seco!!.;0
Sobrevalorado.;0
Si buscas auténtica comida tailandesa, ve a otro lugar.;0
¡Sus filetes son 100% recomendables!;1
Después de que me detuve mi coche esperé otros 15 minutos antes de ser reconocido.;0
Buena comida y gran servicio en un entorno limpio y agradable.;1
Con todo, puedo asegurarles que volveré.;1
Odio esas cosas tanto como las aceitunas negras de calidad barata.;0
Mi desayuno fue  genial, con una hermosa presentación de 3 rebanadas gigantes de tostadas, ligeramente espolvoreado con azúcar en polvo.;1
El área de juegos para niños es NASTY!;0
Gran lugar para sacar o comer.;1
La camarera fue amable y feliz de acomodarse a las opciones veganas / vegetarianas.;1
OMG Sentí que nunca había comido comida tailandesa hasta este plato.;1
"Era extremadamente ""desmenuzado"" y bastante insípido.";0
Era un color pálido en lugar de agradable y carbón y no tiene sabor.;0
Los croutons también saben caseros, lo que es una ventaja adicional.;1
¡Llegué a casa para ver las malditas alas más secas de la historia!;0
¡Será una parada regular en mis viajes a Phoenix!;1
"Realmente disfruté crema café antes de que se expandieron; Incluso les dije a los amigos que tenían el MEJOR desayuno.";1
No es bueno para el dinero.;0
¡Lo extraño y desearía que tuvieran uno en Filadelfia!;1
Nos sentamos bastante rápido, pero, terminamos esperando 40 minutos solo para hacer nuestro pedido, otros 30 minutos antes de que llegara la comida.;0
También tienen el mejor queso crujiente de la ciudad.;1
Buena relación calidad-precio, buena comida, gran servicio.;1
No podría pedir una comida más satisfactoria.;1
La comida es buena.;1
Fue increíble.;1
Solo quería irme.;0
Hicimos el viaje todo el camino desde North Scottsdale... y no estaba un poco decepcionado!;1
No volveré a comer allí.;0
!.... LOS PROPIETARIOS REALMENTE  necesitan dejar de ser tan barato que les envuelvan mi sándwich  en dos papeles no uno!;0
Revisé este lugar hace un par de años y no quedé impresionado.;0
El pollo que conseguí fue definitivamente recalentado y solo estaba bien, las cuñas estaban frías y empapadas.;0
Lo siento, no voy a recibir comida de aquí en cualquier momento pronto :(;0
Una visita obligada absoluta!;1
La lengua de vaca y los tacos de mejilla son increíbles.;1
A mi amigo no le gustaba su Bloody Mary.;0
A pesar de cómo difícil me tarifa negocios, su realmente raro para mí para dar un 1 estrella.;0
Realmente quieren hacer que su experiencia sea buena.;1
No volveré.;0
Tuve el pollo Pho y sabía muy soso.;0
Muy decepcionante!!!;0
El pollo a la parrilla era tan tierno y amarillo del condimento de azafrán.;1
un viaje en automóvil significa que no quieres esperar media hora para tu comida, pero de alguna manera cuando terminamos yendo aquí nos hacen esperar y esperar.;0
Bastante impresionante lugar.;1
El ambiente es perfecto.;1
La mejor de las suertes para la mala educación y non-servicio de atención al cliente se centró en la nueva administración.;0
Cualquier abuela puede hacer un pollo asado mejor que este.;0
Pedí varias veces la carta de vinos y después de un tiempo de ser ignorado fui a la anfitriona y conseguí uno yo mismo.;0
El personal es siempre muy amable y servicial, que es especialmente fresco cuando traes dos niños pequeños y un bebé!;1
Cuatro estrellas para la comida y el chico en la camisa azul por su gran ambiente y todavía nos deja entrar a comer!;1
El sándwich de carne asada sabía muy bien!;1
Esa misma noche, él y yo estamos drásticamente enfermos.;0
Pollo de alta calidad en la ensalada césar de pollo.;1
Hamburguesa pedida rara vino en que vamos a hacer.;0
Nos recibieron rápidamente y nos sentaron.;1
Traté de ir aquí para almorzar y era un manicomio.;0
Este bar de sushi me demostró que estaba equivocado, no solo porque la calidad es excelente, sino porque el servicio es rápido y la comida, impecable.;1
Después de esperar una hora y estar sentado, no estaba en el mejor de los estados de ánimo.;0
Esta es una buena articulación.;1
Los macarrones aquí son increíblemente buenos.;1
¡No estoy comiendo aquí!;0
Nuestro camarero fue muy atento, amable e informativo.;1
Tal vez si no estuvieran fríos habrían sido algo comestibles.;0
Este lugar tiene un montón de promesa, pero no puede entregar.;0
Muy mala experiencia!;0
Qué error.;0
La comida era normal en el mejor de los casos.;0
Buena comida.;1
¡No volveremos pronto!;0
Muy muy decepcionado ordenó el $35 Big Bay Plater.;0
Gran lugar para relajarse y tomar una hamburguesa y cerveza impresionantes.;1
Es PERFECTO para una comida familiar sentada o reunirse con algunos amigos.;1
Poco sabor para ellos, y muy mal construido.;0
Los asientos del patio eran muy cómodos.;1
El arroz frito también estaba seco.;0
Sin duda mi restaurante italiano favorito!;1
"Eso sólo grita ""FIAR"" en mi libro... a veces también bastante raro aquí en Las Vegas.";1
Simplemente no fue una experiencia divertida.;1
El ambiente era genial con un dúo encantador de violinistas tocando canciones que solicitamos.;1
Personalmente me encanta el hummus, pita, baklava, falafel y Baba Ganosa (¡es increíble lo que hacen con la berenjena!).;1
Muy conveniente, ya que nos alojamos en el MGM!;1
Los dueños son muy amables y el personal es cortés.;1
Ambos geniales!;1
Selección ecléctica.;1
Los tots de batata eran buenos, pero los anillos de cebolla eran la perfección o tan cerca como he tenido.;1
El personal fue muy atento.;1
Y el chef fue generoso con su tiempo (incluso vino dos veces para que podamos tomar fotos con él).;1
El propietario solía trabajar en Nobuk, por lo que este lugar es realmente similar por la mitad del precio.;1
Google mediocre y me imagino Smash Burger aparecerá.;0
no vayas aquí.;0
Prometo que no decepcionarán.;1
Como amante del sushi evitar este lugar por todos los medios.;0
¡Qué gran hamburguesa con queso doble!;1
Servicio increíble y comida.;1
Una joya de barrio fantástico !!!;1
No puedo esperar para volver.;1
Los plátanos fueron los peores que he probado.;0
Es un gran lugar y lo recomiendo encarecidamente.;1
El servicio era lento y no atento.;0
Le di 5 estrellas y luego, y estoy dándole 5 estrellas ahora.;1
Su personal pasa más tiempo hablando consigo mismo que yo.;0
Postre: Pana Cotta fue increíble.;1
Muy buena comida, buen ambiente.1;1
Maldito buen bistec.;1
El brunch total falla.;0
Los precios son muy razonables, los sabores son perfectos, la salsa es casera y la garra no está empapada en mayo.;1
La decoración es agradable, y la banda sonora de la música de piano es agradable.;1
El bistec era increíble...  filete relleno fue el mejor plato de mariscos que he tenido!;1
Buena comida, buen servicio.;1
Fue absolutamente increíble.;1
Probablemente no volveré, para ser honesto.;0
sin duda estará de vuelta!;1
El sándwich de carne de res de pimienta sargento con salsa ajo es un excelente sándwich también.;1
Hawaiana Breeze, Mango Magic y Pineapple Delight son los batidos que he probado hasta ahora y todos son buenos.;1
Fuimos a almorzar - el servicio era lento.;0
Teníamos tanto que decir sobre el lugar antes de entrar que él esperaba que fuera increíble, pero rápidamente se decepcionó.;0
Estaba mortificado.;0
Huelga decir que nunca volveremos a estar aquí.;0
De todos modos, la comida definitivamente no se llenaba en absoluto, y por el precio que pagas debes esperar más.;0
Las virutas que salieron estaban goteando con grasa, y en su mayoría no comestibles.;0
No me impresionó mucho  filete.;0
He estado yendo desde 2007 y cada comida ha sido increíble!!;1
Nuestro servidor fue muy agradable y atento al igual que el otro personal de servicio.;1
El cajero fue amable e incluso me trajo la comida.;1
Trabajo en la industria de la hospitalidad en Paradise Valley y me he abstenido de recomendar Cibo por más tiempo.;0
El ambiente aquí es divertido.;1
Desea no recomendamos a los demás.;0
"El servicio es rápido e incluso los pedidos ""para llevar"" son como nos gusta!";1
Quiero decir realmente, ¿cómo te haces tan famoso por tu pescado y patatas fritas cuando es tan terrible!?!;0
Dicho esto, nuestras bocas y vientres todavía estaban muy contentos.;1
No es lo mío.;0
2 Pulgares arriba!!;1
Si estás leyendo esto por favor no vayas allí.;0
Me encantó la pizza a la parrilla, me recordó a la pizza italiana de fiar.;1
Sólo Pros: Gran zona de estar / Bonita zona de bar / Gran menú de bebidas simples / La mejor pizza de horno de ladrillo con masa casera!;1
Tienen un ambiente muy agradable.;1
Esta noche tuve el especial el Filete de Alce... y chupó.;0
Después de un bocado, me enganché.;1
Pedimos algunos clásicos viejos y algunos platos nuevos después de ir allí un par de veces y nos decepcionó mucho todo.;0
Lindo, pintoresco, simple, honesto.;1
El pollo estaba deliciosamente sazonado y tenía la fritura perfecta en el exterior y el pollo húmedo en el interior.;1
La comida era genial como siempre, felicitaciones al chef.;1
Un agradecimiento especial a Dylan T. por la recomendación sobre qué pedir :) Todo delicioso para mi barriga.;1
Impresionante selección de cerveza.;1
Buena comida y un servicio increíble!;1
Una cosa buena fue que agregaron propina en la factura ya que nuestro partido era más grande que 6 u 8, y no esperaban más propina que eso.;1
Una mosca estaba en mi jugo de manzana..  UNA MOSCA!!!!!!!!;0
El Pollo Han Nan también era muy sabroso.;1
En cuanto al servicio, pensé que era bueno.;1
La comida era apenas tibia, por lo que debe haber estado sentado esperando a que el servidor nos la saque.;0
Ryan's Bar es definitivamente un establecimiento de Edimburgo que no volveré a visitar.;0
El mejor restaurante chino que he estado en un tiempo.;1
En general, me gusta la comida y el servicio.;1
Ahora también sirven pan nadan indio con hummus y algo de salsa picante de piñones que estaba fuera de este mundo.;1
Probablemente nunca volver, y no debería recomendamos.;0
La pasta de un amigo- también mala, apenas la tocó.;0
Pruébelos en el aeropuerto para experimentar algo de comida sabrosa y un servicio rápido y amable.;1
Me encanta la decoración con el papel de pared de caligrafía china.;1
Nunca había algo para quejarse de aquí.;1
El restaurante es muy limpio y tiene una sensación de restaurante familiar.;1
Estaba muy frito.;0
No estoy seguro de cuánto tiempo estábamos allí, pero fue el tiempo suficiente para que yo comenzara a sentirme torpemente fuera de lugar.;0
Cuando abrí el sándwich, me quedé impresionado, pero no de una buena manera.;0
¡No volveremos!;0
Hubo una sensación cálida con el servicio y me sentí como su invitado para un regalo especial.;1
Un amplio menú ofrece un montón de opciones para el desayuno.;1
Siempre ordeno del menú vegetariano durante la cena, que tiene una amplia gama de opciones para elegir.;1
He visto sus precios altos, porciones obtenga más pequeño y actitudes de administración crecen rápidamente!;0
Maravillosas tapas lile y el ambiente me hizo sentir todo cálido y borroso por dentro.;1
Pude disfrutar de la ensalada de mariscos, con una fabulosa vinagreta.;1
Los montos eran delgados, no gruesos y masticables, casi se derriten en la boca.;1
El picante de nivel 5 era perfecto, donde la especia no sobre-whelm la sopa.;1
Estábamos sentados justo a tiempo y nuestro servidor desde el ir fue FANTÁSTICO!;1
Lo principal que no disfruté es que la multitud es de gente mayor, alrededor de mediados de los años 30 en adelante.;0
Cuando estoy en este lado de la ciudad, este definitivamente será un lugar que voy a golpear de nuevo!;1
Tuve que esperar más de 30 minutos para conseguir mi bebida y más tiempo para conseguir 2 arepas.;0
Este es un gran lugar para comer!;1
El tocino de jalapón es tan bueno.;1
El servicio era pobre y es ser agradable.;0
La comida era buena, el servicio era bueno, los precios eran buenos.;1
El lugar no estaba limpio y la comida oh tan rancio!;0
Los platos de pollo están bien, la carne de res es como el cuero del zapato.;0
Pero el servicio estaba más allá de lo malo.;0
"Estoy muy feliz de estar aquí!!!""";1
Sabía a suciedad.;0
Uno de los pocos lugares en Phoenix que definitivamente volvería a otra vez.;1
El bloque era increíble.;1
Está cerca de mi casa, es discreto, no elegante, precios asequibles, buena comida.;1
* Tanto el Hot &Sour & Ogg Flower Soups fueron absolutamente 5 Estrellas!;1
Mi sashimi era de mala calidad estando empapado e insípido.;0
Gran momento - cena familiar un domingo por la noche.;1
"la comida no es sabrosa en absoluto, por no decir su ""verdadero estilo tradicional de Hunan"".";0
Lo que sí me moleste, fue el servicio lento.;0
Los bartenders de estilo son absolutamente increíbles!;1
Sus margaritas congeladas son DEMASIADO azucaradas para mi gusto.;0
Estos eran tan buenos que los pedimos dos veces.;1
Así que en pocas palabras: 1) El restaurante huele como una combinación de un mercado de pescado sucio y una alcantarilla.;0
La ternera de mi novia era muy mala.;0
Desafortunadamente, no fue bueno.;0
Tuve una experiencia bastante satisfactorio.;1
Únete al club y recibe ofertas increíbles por correo electrónico.;1
Perfecto para alguien (yo) que sólo le gusta la cerveza helada, o en este caso, aún más frío.;1
Insulso y sin sabor es una buena manera de describir la carne apenas tibia.;0
Las cadenas, de las que no soy fan, superan a este lugar fácilmente.;0
Los nachos son un MUST HAVE!;1
No volveremos.;0
No tengo muchas palabras para decir sobre este lugar, pero hace todo bastante bien.;1
El personal es muy agradable y muy rápido, incluso con las multitudes locas de los jurados del centro de la ciudad, abogados, y el personal de la corte.;1
Gran ambiente, servicio amable y rápido.;1
Cuando recibí mi Pita era enorme, tenía mucha carne, así que pulgares arriba.;1
Una vez que llega tu comida es meh.;0
Pagar $7.85 por un perro caliente y papas fritas que parece que salió de la comida de un niño en el Wienerschnitzel no es mi idea de una buena comida.;0
El clásico Maine Lobster Roll fue fantástico.;1
Mi cuñado que trabaja en el centro comercial se fue de la misma manera que el mismo día, y adivina lo que estaba enfermo toda la noche también.;0
Tan bueno que voy a tener que revisar este lugar dos veces - una vez  un homenaje al lugar y una vez como un homenaje a un evento celebrado aquí anoche.;1
Las patatas fritas y la salsa eran muy buenas, la salsa era muy fresca.;1
Este lugar es excelente!!!!!!!!!!!!!!;1
Comida mediocre.;0
Una vez que entres te impresionará el lugar.;1
Estoy súper cabreado.;0
Y el servicio fue súper amable.;1
¿Por qué estas pequeñas verduras tristes están tan demasiado cocidas?;0
Este lugar fue una agradable sorpresa!;1
Eran dorados-crujientes y deliciosos.;1
Tenía grandes esperanzas para este lugar ya que las hamburguesas se cocinan sobre una parrilla de carbón, pero lamentablemente el sabor cayó plano, manera plana.;0
Podría comer su bruschetta todo el día es devine.;1
Ni un solo empleado salió a ver si estábamos bien o incluso es necesario un refilo de agua una vez que finalmente nos sirvió la comida.;0
Por último, los palos de mozzarella, fueron lo mejor que pedimos.;1
La primera vez que vine aquí tuve una experiencia increíble, todavía le digo a la gente lo increíble que fue el pato.;1
El servidor fue muy negligente de nuestras necesidades y nos hizo sentir muy inoportunos... Me gustaría no sugerimos este lugar!;0
Sin embargo, el servicio fue terrible.;0
Este lugar es sobrevalorado, no es consistente con su boba, y realmente es OVERPRICED!;0
Estaba lleno!!;0
Me encanta este lugar.;1
Puedo decir que los postres eran deliciosos.;1
La comida era terrible.;0
La fruta de temporada era puré de melocotón blanco fresco.;1
Se mantuvo cada vez peor, así que ahora he terminado oficialmente.;0
Este lugar debe honestamente ser volado.;0
Pero definitivamente no volvería a comer aquí.;0
No desperdicie su dinero aquí!;0
Me encanta que ponen su comida en bonitos recipientes de plástico en lugar de abarrotarla en pequeñas cajas de papel para llevar.;1
La crepe era delicada y delgada y húmeda.;1
Horrible servicio.;0
No volveré a ir aquí nunca más.;0
La calidad de la comida ha sido horrible.;0
Por ese precio puedo pensar en unos cuantos lugares que hubieran hecho mucho más bien.;0
El servicio aquí es justo en el mejor de los casos.;0
Me encanta el sushi, pero me pareció que Kabuki era demasiado caro, demasiado moderno y con servicios insuficientes.;0
Hágase un favor y manténgase alejado de este plato.;0
Muy mal servicio.;0
Nadie en la mesa pensó que la comida estaba por encima de la media o que valía la pena la espera que tuvimos para ello.;0
El mejor servicio y comida de todos los tiempos, María nuestra servidora fue tan buena y amable que hizo nuestro día.;1
Fueron excelentes.;1
Pagué la factura, pero no propina porque sentí que el servidor hizo un trabajo terrible.;0
Acabo de almorzar aquí y tuvimos una gran experiencia.;1
Nunca he tenido una comida tan insulsa que me sorprendiera teniendo en cuenta que el artículo que leíamos se centraba tanto en sus especias y sabor.;0
La comida es demasiado cara y las porciones son jodidamente pequeñas.;0
Recientemente probé Caballero y he estado de vuelta cada semana desde entonces!;1
para 40 dólares una cabeza, i realmente esperar mejor comida.;0
La comida salió a buen ritmo.;1
Me fui de comer allí dos veces en mi última visita, y especialmente disfruté de la ensalada de salmón.;1
No volveré.;0
¡No podíamos creer lo sucias que estaban las ostras!;0
Este lugar no merece estrellas.;0
Me gustaría no recomendamos este lugar.;0
De hecho, voy a redondear hasta 4 estrellas, solo porque ella fue tan increíble.;1
Para mi incredulidad, cada plato calificado como la peor versión de estos alimentos que he probado.;0
Mal día o no, tengo una tolerancia muy baja para las personas de servicio de atención al cliente de mala educación, es su trabajo para ser agradable y educado, lavar los platos en otro lado!!;0
las patatas eran geniales y también lo era la galleta.;1
Probablemente no volvería a ir aquí.;0
Tan sabroso y tiene la cantidad perfecta de calor.;1
El precio es razonable y el servicio es excelente.;1
La esposa odiaba su comida (camarones de coco), y nuestros amigos realmente no disfrutaron de sus comidas, tampoco.;0
Mi novia consiguió los huevos rancheros y no se veían demasiado atractivos.;0
Fuimos para la hora feliz, gran lista de vinos.;1
Algunos pueden decir que este buffet es caro, pero creo que obtienes lo que pagas y este lugar que están recibiendo bastante!;1
Probablemente no volveré aquí.;0
Peor comida/ servicio He tenido en un tiempo.;0
Este lugar es bastante bueno, agradable poco ambiente en el restaurante.;1
Hable sobre un excelente servicio al cliente, por supuesto, volveremos.;1
Los platos calientes no son calientes, los platos fríos están cerca de la temperatura de la habitación. Vi al personal preparar la comida con las manos desnudas, sin guantes. Todo está frito en aceite.;0
Me encantan sus papas fritas y sus frijoles.;1
Siempre un placer tratar con él.;1
Tienen una gran cantidad de ensaladas y sándwiches, y todo lo que he probado obtiene mi sello de aprobación.;1
Este lugar es increíble si quieres algo ligero y saludable durante el verano.;1
Para el sushi en el calle, este es el lugar para ir.;1
El servicio fue genial, incluso el gerente vino y ayudó con nuestra mesa.;1
La sensación del comedor era más curso de cocina universitaria que comedor de clase alta y el servicio era lento en el mejor de los casos.;0
Comencé esta revisión con dos estrellas, pero lo estoy editando para darle solo una.;0
este es el peor sushi que he comiendo además de Costco.;0
En general, un excelente restaurante destacado por un gran servicio, un menú único y un hermoso entorno.;1
Mi novio y yo nos sentamos en el bar y tuvimos una experiencia completamente encantadora.;1
Ambiente extraño de los propietarios.;0
Apenas había carne.;0
He tenido mejores bagels de la tienda de comestibles.;0
Ir a place para giroscopios.;1
Me encanta el propietario / chef, su un auténtico tipo fresco japonés!;1
Ahora las hamburguesas no son tan buenas, la pizza que solía ser increíble es pastoso y sin sabor.;0
Encontré un trozo de alambre de seis pulgadas de largo en mi salsa.;0
El servicio era terrible, la comida era mediocre.;0
Definitivamente disfrutamos.;1
Pedí sopa albóndigas - que estaba caliente - y sabía a sopa de tomate con albóndigas congeladas.;0
En tres ocasiones diferentes pedí bien hecho o medio bien, y las tres veces conseguí el trozo de carne más sangriento en mi plato.;0
Tuve unos dos bocados y me negué a comer más.;0
El servicio era extremadamente lento.;0
Después de 20 minutos de espera, conseguí una mesa.;0
Seriamente asesino caliente chai latte.;1
No hay advertencias de alergia en el menú, y la camarera no tenía absolutamente ninguna idea de qué comidas contenían o no cacahuetes.;0
Mi novio probó la ensalada de pollo mediterránea y se enamoró.;1
Sus cervezas giratorias de barril también es un punto culminante de este lugar.;1
Los precios son un poco preocupantes en Mellow Hongo.;0
Peor tailandés de la historia.;0
Si te quedas en Las Vegas debes desayunar aquí al menos una vez.;1
Primero quiero decir que nuestro servidor fue genial y tuvimos un servicio perfecto.;1
Las selecciones de pizza son buenas.;1
Tomé té de fresa, que era bueno.;1
Altamente no profesional y de mala educación para un cliente leal!;0
En general, una gran experiencia.;1
Gaste su dinero en ningún otro lugar.;0
Su pan tostado regular era igualmente satisfactorio con las palmaditas ocasionales de mantequilla... Mmmm...!;1
El Buffet en Bellagio estaba lejos de lo que esperaba.;0
Y las bebidas son DÉBILES, la gente!;0
#¿NOMBRE?;0
Además, siento que las fichas se compran, no se hacen en casa.;0
Después de la decepcionante cena nos fuimos a otro lugar para el postre.;0
Las fichas y sal un aquí es increíble!!!!!!!!!!!!!!!!!!!;1
No volveremos.;0
Este es mi nuevo lugar de buffet favorito Vegas.;1
En serio, no puedo creer que el propietario tiene tantos empleados sin experiencia que todos están corriendo como pollos con la cabeza cortada.;0
Muy, muy triste.;0
me sentí insultado y faltado al respeto, ¿cómo podrías hablar y juzgar a otro ser humano así?;0
¿Cómo puedes llamarte a ti mismo un asador si no puedes cocinar correctamente un bistec, no lo entiendo!;0
No estoy impresionado con el concepto o la comida.;0
Lo único por lo que no estaba demasiado loco era su guacamole, ya que no me gusta el puré.;0
Realmente no hay nada para mí en postinos, espero que tu experiencia sea mejor;0
Tuve intoxicación alimentaria aquí en el buffet.;0
Trajeron un lote fresco de papas fritas y yo estaba pensando ya algo caliente, pero no!;0
Lo que DEBERÍA haber sido una hilarante y deliciosa cena de Nochebuena para recordar fue el mayor fracaso de todo el viaje para nosotros.;0
No hace falta decir que no volveré pronto.;0
Este lugar es desagradable!;0
Cada vez que como aquí, veo un trabajo en equipo atento a un grado profesional.;1
Los calamares estilo RI eran una broma.;0
Sin embargo, había tanto ajo en la fondue, que apenas era comestible.;0
Apenas podía digerir la comida, pero no me quejé porque era un almuerzo de negocios.;0
Era tan malo, que había perdido el corazón para terminarlo.;0
También le tomó una eternidad traernos el cheque cuando lo pedimos.;0
No somos de hacer una escena en los restaurantes, pero simplemente no lo entiendo... definitivamente perdió el amor después de este!;0
Experiencia decepcionante.;0
La comida está a la par con Denny's, es decir, no es buena en absoluto.;0
Si quieres esperar comida mediocre y un servicio francamente terrible, entonces este es el lugar para ti.;0
Pésimo;0
No volveremos atrás.;0
El lugar estaba bastante limpio, pero la comida simplemente no valía la pena.;0
Este lugar carecía de estilo!!;0
La sangría era aproximadamente la mitad de un vino de copa lleno y era $12, ridícula que les parezca.;0
No te moles en venir aquí.;0
La carne estaba bastante seca, tenía la brisket en rodajas y tiraba de cerdo.;0
"El edificio en sí parece bastante limpio; el baño es bastante feo, pero no volvería a comer aquí.";0
Fue igualmente horrible.;0
Probablemente no tenga prisa por volver.;0
muy lento en los asientos, incluso con reserva.;0
No es bueno ni mucho menos.;0
La salsa de crema de anacardo era insulsa y las verduras estaban poco cocidas.;0
El rancho chipotle sumergiendo salsa era insípido, parecía delgado y regado sin calor.;0
Era un poco demasiado dulce, no lo suficientemente picante, y carecía de sabor.;0
Estaba MUY decepcionado!!;0
Este lugar es horrible y manera sobrevalorado.;0
Tal vez sea solo su comida vegetariana, pero he estado dos veces y pensé que era promedio en el mejor de los casos.;0
No estaba ocupado en absoluto y ahora sabemos por qué.;0
Las mesas al aire libre también están sucias una gran parte del tiempo y los trabajadores no siempre son amables y serviciales con el menú.;0
El ambiente aquí no se sentía como un entorno de buffet, sino más bien como un jardín interior para té y galletas.;0
Con: servicio irregular.;0
Las papas fritas no estaban calientes, y tampoco mi hamburguesa.;0
Pero luego volvieron fríos.;0
Entonces salió nuestra comida, sobrevino la decepción.;0
La verdadera decepción fue nuestro camarero.;0
Mi esposo dijo que era muy grosero... ni siquiera se disculpó por la mala comida o cualquier cosa.;0
La única razón para comer aquí sería llenarse antes de una noche de borrachera sólo para obtener algunos carbohidratos en el estómago.;0
Insultos, profundo deuchebaggery, y tuvo que salir a la calle para un descanso de humo mientras servía sólo para solidificarlo.;0
Si alguien pide dos tacos no' usted piensa que puede ser parte del servicio al cliente para preguntar si es combo o ala carrito?;0
Ella estaba bastante decepcionada, aunque hay que echarle parte de la culpa a ella.;0
Después de todas las críticas favorables que no podía esperar para comer aquí...... ¡qué decepción!;0
Del Taco es bastante desagradable y debe evitarse si es posible.;0
NO es difícil hacer una hamburguesa decente.;0
Pero no me gusta.;0
Infierno no voy a volver;0
Hemos recibido un servicio mucho mejor de la pizzería de al lado que los servicios que recibimos de este restaurante.;0
"I no saber lo que el gran problema es acerca de este lugar, pero I no ser volver ""ya'all"".";0
Inmediatamente dije que quería hablar con el gerente, pero no quería hablar con el hombre que estaba haciendo tiros de bola de fuego detrás de la barra.;0
El ambiente no es mucho mejor.;0
Desafortunadamente, solo nos preparó para desaprobación con nuestros entrantes.;0
La comida no era buena.;0
Sus servidores chupan, esperan, corrección, nuestro servidor Heimer aspirado.;0
Lo que sucedió después fue bonito.... de poner.;0
lástima porque sé que es propiedad de la familia, realmente quería que me gusta este lugar.;0
Overpriced para lo que está recibiendo.;0
Vomité en el baño a mitad del almuerzo.;0
Seguí mirando la hora y pronto se había convertido en 35 minutos, pero todavía no hay comida.;0
He estado en muy pocos lugares para comer a los que bajo ninguna circunstancia volvería, y esto encabeza la lista.;0
Comenzamos con el sashimi de atún que era de color pardusco y obviamente no era fresco.;0
La comida estaba por debajo de la media.;0
Seguro que le gana a los nachos en el cine, pero yo esperaría un poco más viniendo de un restaurante.;0
Con todo, Ha Long Bay fue un poco un fracaso.;0
El problema que tengo es que cobran $11.99 por un sándwich que no es más grande que un sub Subway (que ofrece mejor y más cantidad de verduras).;0
Cuando lo desenvolví (vivo a solo 1/2 milla de Brushfire) estaba literalmente helado.;0
Le faltaba sabor, parecía poco cocido y seco.;0
Realmente es impresionante que el lugar no ha cerrado.;0
Me gustaría evitar este lugar si te hospedas en el Mirage.;0
Los frijoles refritos que venían con mi comida estaban secos y crujientes y la comida era insulsa.;0
Gaste su dinero y tiempo en algún otro lugar.;0
Una señora en la mesa al lado de nosotros encontró una oruga verde viva en su ensalada.;0
la presentación de la comida fue horrible.;0
No puedo decirte lo decepcionado que estaba.;0
Creo que la comida debe tener sabor y textura y ambos faltaban.;0
El apetito desapareció al instante.;0
En general, no me impresionó y no volvería.;0
Toda la experiencia fue decepcionante, y creo que iremos a Ninja Sushi la próxima vez.;0
Entonces, como si no hubiera desperdiciado lo suficiente de mi vida allí, vertieron sal en la herida sacando el tiempo que tardé en traer el cheque.;0
;
